{
  "grad1": {
    "type": "arb",
    "styp": "fwf",
    "pair": true,
    "pol": 1,
    "b_del": 35.4,
    "t_m": 28.6,
    "ampl": [
      40,
      40,
      40
    ],
    "s_del1": 27.87,
    "s_del2": 22.6,
    "xgrad1": [
      0,
      0.46127,
      0.45644,
      0.44544,
      0.42466,
      0.38548,
      0.30815,
      0.23679,
      0.19735,
      0.15406,
      0.10712,
      0.05675,
      0.00325,
      -0.05302,
      -0.11163,
      -0.17204,
      -0.23363,
      -0.29566,
      -0.35389,
      -0.40361,
      -0.45494,
      -0.51112,
      -0.57867,
      -0.62482,
      -0.66228,
      -0.6916,
      -0.71165,
      -0.72139,
      -0.71987,
      -0.70631,
      -0.68009,
      -0.5978,
      -0.46921,
      -0.36978,
      -0.293,
      -0.23009,
      -0.17507,
      0
    ],
    "ygrad1": [
      0,
      0.72056,
      0.72054,
      0.72056,
      0.72076,
      0.72098,
      0.71842,
      0.62712,
      0.46465,
      0.28768,
      0.10205,
      -0.08611,
      -0.27059,
      -0.44527,
      -0.60437,
      -0.7426,
      -0.85534,
      -0.93882,
      -0.97661,
      -0.96377,
      -0.94253,
      -0.91106,
      -0.86409,
      -0.75679,
      -0.62064,
      -0.46211,
      -0.28634,
      -0.09908,
      0.09352,
      0.28509,
      0.46925,
      0.60402,
      0.66208,
      0.70044,
      0.72909,
      0.75194,
      0.77045,
      0
    ],
    "zgrad1": [
      0,
      0.6028,
      0.60649,
      0.61459,
      0.6289,
      0.6534,
      0.69589,
      0.7031,
      0.66889,
      0.62962,
      0.58575,
      0.53775,
      0.48615,
      0.43148,
      0.37427,
      0.31505,
      0.25433,
      0.19259,
      0.12783,
      0.05991,
      -0.004,
      -0.06386,
      -0.11764,
      -0.17679,
      -0.23537,
      -0.29256,
      -0.34822,
      -0.40224,
      -0.45451,
      -0.50492,
      -0.55337,
      -0.61085,
      -0.66093,
      -0.6841,
      -0.69132,
      -0.69064,
      -0.68637,
      0
    ],
    "xgrad2": [
      0,
      0.13595,
      0.0977,
      0.05475,
      0.00506,
      -0.05502,
      -0.13325,
      -0.2516,
      -0.47483,
      -0.63685,
      -0.7071,
      -0.7468,
      -0.77092,
      -0.78454,
      -0.78958,
      -0.78657,
      -0.77515,
      -0.75423,
      -0.72171,
      -0.67383,
      -0.60282,
      0.06818,
      0.15535,
      0.18555,
      0.20569,
      0.21994,
      0.23008,
      0.23708,
      0.24148,
      0.24361,
      0
    ],
    "ygrad2": [
      0,
      -0.61042,
      -0.64525,
      -0.68069,
      -0.71759,
      -0.75737,
      -0.80255,
      -0.85785,
      -0.90114,
      -0.82708,
      -0.72882,
      -0.6292,
      -0.52822,
      -0.42451,
      -0.31663,
      -0.20321,
      -0.08279,
      0.04628,
      0.18613,
      0.33999,
      0.51395,
      1,
      0.96569,
      0.96151,
      0.95943,
      0.95808,
      0.95712,
      0.95644,
      0.956,
      0.95579,
      0
    ],
    "zgrad2": [
      0,
      0.83919,
      0.8182,
      0.79311,
      0.76183,
      0.72021,
      0.65841,
      0.54419,
      0.24048,
      -0.07555,
      -0.25331,
      -0.3765,
      -0.47118,
      -0.54739,
      -0.60963,
      -0.65982,
      -0.6983,
      -0.72412,
      -0.73473,
      -0.72505,
      -0.68396,
      0.30116,
      0.37236,
      0.36936,
      0.36404,
      0.35925,
      0.35544,
      0.35265,
      0.35084,
      0.34995,
      0
    ],
    "RF1": {
      "offset": -8,
      "FA": 90,
      "dur": 3,
      "RF2": {
        "offset": 27.87,
        "FA": 180,
        "dur": 7.53
      }
    }
  }
}